id;address;region
967fa67d-5181-4409-8861-d05f191d5ca2;rubric doting;vengeful mmm wildly
6e25a285-ead3-4187-829a-558924bee9fa;abandoned boo equally;reborn noteworthy than
31e97b2a-0c92-4938-9135-70f99f346da7;whopping headline sans;focalise
96c348db-ac13-4b79-85ac-ae6da5a13bcc;certify whose bruised;though alert
4360fb66-4137-474a-90f5-dc236f54cd69;density;yowza hence onset
686f74c0-ed2a-4e12-86d9-2f2db72bf698;aw that cone;finally um
a1dc2a50-6f21-4d04-9348-b629a0b5f643;ecstatic strong mmm;extra-large mathematics down
80104324-2d86-4e95-8d27-65ea4ddf910d;whether boohoo;whoever bandwidth whenever
0cbcb81f-e235-44cb-8027-06cc3f579b6f;blossom why upon;brr toward
2470822c-b64a-49a2-9421-dace235e2a76;lox gaseous extremely;before
