id;name
aca2f5ca-1ad7-450c-bcdb-1cc51b2507db;what beside rag
0375c478-48a7-42ed-a076-21383193e53a;per whereas if
79b08ef8-ddfc-4e86-82e6-250a58ecf59d;eek afterwards
a5189c9a-4214-4fad-83ad-942306edc9b4;rationale
fae727da-0fd9-4c1e-a157-51c370a4939d;whereas ew receptor
7b171e04-5d04-4803-8f28-1bfee544ab64;whoa
b4df18fc-79d5-4939-b690-7f7d787843dc;raw
1591fb75-8440-443d-be86-ac7f40df9321;unexpectedly than cautious
8e349483-bfc9-471f-8755-48980ba72b80;pine gadzooks
03ea2097-3393-49a2-a4d5-f47f0d1e6902;grim obligation
